happy to the point of sadness, neg
happy to the point of sadness, neg
happy to the point of sadness, neg
happy to the point of sadness, neg
happy to the point of sadness, neg
happy to the point of sadness, neg
happy to the point of sadness, neg
happy to the point of sadness, neg
happy to the point of sadness, neg
happy to the point of sadness, neg
happy to the point of sadness, neg
happy to the point of sadness, neg
happy to the point of sadness, neg
happy to the point of sadness, neg
happy to the point of sadness, neg
happy to the point of sadness, neg
happy to the point of sadness, neg
happy to the point of sadness, neg
happy to the point of sadness, neg
happy to the point of sadness, neg
