48821534,/news/entertainment-arts-48821534,MAP,01-JUL-19 00.01.15.233865
48800385,/news/uk-england-48800385,STY,01-JUL-19 00.06.04.128479
48821537,/news/entertainment-arts-48821537,MAP,01-JUL-19 00.07.45.148528
48804395,/news/education-48804395,STY,01-JUL-19 00.08.50.386587
48666017,/news/uk-england-devon-48666017,STY,01-JUL-19 00.12.06.530176
48821539,/news/entertainment-arts-48821539,MAP,01-JUL-19 00.13.16.091812
48821520,/news/entertainment-arts-48821520,STY,01-JUL-19 00.36.38.775068
48770368,/news/uk-politics-48770368,STY,01-JUL-19 01.25.39.038777
48759591,/news/uk-48759591,STY,01-JUL-19 01.27.30.286074
48821306,/news/world-latin-america-48821306,STY,01-JUL-19 01.57.11.614136
48821216,/news/uk-48821216,STY,01-JUL-19 02.19.08.751245
48821790,/news/world-asia-48821790,STY,01-JUL-19 02.49.15.254472
48821640,/news/world-asia-china-48821640,STY,01-JUL-19 02.53.46.316994
48821328,/news/world-us-canada-48821328,STY,01-JUL-19 03.35.48.011538
48821797,/news/world-asia-48821797,STY,01-JUL-19 03.56.24.215349
48821930,/news/world-asia-india-48821930,STY,01-JUL-19 03.58.36.696926
48800225,/news/live/business-48800225,LIV,01-JUL-19 04.39.40.636962
48822330,/news/world-africa-48822330,PRO,01-JUL-19 04.55.04.087981
48788072,/news/live/uk-england-leeds-48788072,LIV,01-JUL-19 04.59.46.177277
48788659,/news/live/uk-england-humber-48788659,LIV,01-JUL-19 05.00.09.765098
48788066,/news/live/uk-england-leeds-48788066,LIV,01-JUL-19 05.00.18.857015
48788657,/news/live/uk-england-leeds-48788657,LIV,01-JUL-19 05.00.28.578319
48788515,/news/live/uk-england-south-yorkshire-48788515,LIV,01-JUL-19 05.00.39.301094
48788661,/news/live/uk-england-york-north-yorkshire-48788661,LIV,01-JUL-19 05.00.51.786066
48819902,/news/uk-48819902,MAP,01-JUL-19 05.03.55.902298
48819903,/news/uk-48819903,MAP,01-JUL-19 05.09.56.912857
48822332,/news/world-africa-48822332,PRO,01-JUL-19 05.14.09.360488
48822155,/news/world-middle-east-48822155,STY,01-JUL-19 05.17.18.491979
48819546,/news/uk-48819546,MAP,01-JUL-19 05.21.11.319917
48797842,/news/uk-48797842,STY,01-JUL-19 05.23.04.426940
48822672,/news/uk-scotland-glasgow-west-48822672,STY,01-JUL-19 05.26.58.139458
48822157,/news/world-middle-east-48822157,MAP,01-JUL-19 05.28.36.710791
48820005,/news/uk-england-leeds-48820005,STY,01-JUL-19 05.32.53.383797
48802875,/news/uk-northern-ireland-48802875,STY,01-JUL-19 05.34.23.157769
48822619,/news/uk-scotland-48822619,STY,01-JUL-19 05.36.48.922226
48822640,/news/uk-england-derbyshire-48822640,STY,01-JUL-19 05.41.55.556467
48822380,/news/newsbeat-48822380,STY,01-JUL-19 05.43.50.666338
48802881,/news/uk-northern-ireland-48802881,STY,01-JUL-19 05.46.41.637440
48787772,/news/live/uk-england-birmingham-48787772,LIV,01-JUL-19 05.50.21.333642
48822680,/news/uk-england-hampshire-48822680,STY,01-JUL-19 06.00.10.251354
48822201,/news/world-asia-india-48822201,STY,01-JUL-19 06.06.06.591730
48806025,/news/world-africa-48806025,MAP,01-JUL-19 06.23.18.858983
48821740,/news/entertainment-arts-48821740,MAP,01-JUL-19 06.29.29.292466
48822530,/news/world-asia-india-48822530,STY,01-JUL-19 06.34.24.116598
48823512,/news/uk-england-london-48823512,MPL,01-JUL-19 06.34.40.905287
48823510,/news/live/uk-england-london-48823510,LIV,01-JUL-19 06.34.40.974686
48822131,/news/world-asia-48822131,MAP,01-JUL-19 06.36.29.845113
48788074,/news/live/uk-england-lincolnshire-48788074,LIV,01-JUL-19 06.45.50.675255
48742921,/news/live/uk-england-hampshire-48742921,LIV,01-JUL-19 06.46.48.517253
48822770,/news/uk-northern-ireland-48822770,STY,01-JUL-19 06.51.23.638558
48822701,/news/uk-wales-48822701,STY,01-JUL-19 06.56.00.425286
48823691,/news/live/uk-england-merseyside-48823691,LIV,01-JUL-19 06.58.47.882119
48797265,/news/uk-scotland-scotland-business-48797265,STY,01-JUL-19 07.03.11.435594
48756433,/news/live/uk-england-devon-48756433,LIV,01-JUL-19 07.04.04.921960
48823770,/news/live/uk-england-derbyshire-48823770,LIV,01-JUL-19 07.06.59.528907
48822674,/news/uk-scotland-scotland-politics-48822674,STY,01-JUL-19 07.14.36.364995
48823940,/news/uk-england-48823940,STY,01-JUL-19 07.34.51.797189
48798082,/news/disability-48798082,STY,01-JUL-19 07.41.05.085183
48824200,/news/stories-48824200,PRO,01-JUL-19 07.41.22.623615
48817586,/news/entertainment-arts-48817586,MAP,01-JUL-19 07.42.01.439320
48824203,/news/stories-48824203,PRO,01-JUL-19 07.43.46.081501
48820812,/news/world-europe-48820812,STY,01-JUL-19 07.44.13.788333
48823108,/news/world-latin-america-48823108,MAP,01-JUL-19 07.47.46.134641
48821664,/news/world-asia-china-48821664,MAP,01-JUL-19 07.48.22.658275
48824270,/news/uk-england-gloucestershire-48824270,PRO,01-JUL-19 07.52.56.718526
48824272,/news/uk-england-bristol-48824272,PRO,01-JUL-19 07.54.15.340314
48823102,/news/world-latin-america-48823102,STY,01-JUL-19 07.56.49.830349
48817384,/news/entertainment-arts-48817384,STY,01-JUL-19 08.03.26.794025
48805029,/news/uk-england-gloucestershire-48805029,STY,01-JUL-19 08.06.35.928287
48817282,/news/uk-scotland-edinburgh-east-fife-48817282,STY,01-JUL-19 08.14.18.494257
48822334,/news/world-africa-48822334,PRO,01-JUL-19 08.19.46.603201
48823920,/news/entertainment-arts-48823920,STY,01-JUL-19 08.20.21.031514
48822336,/news/world-africa-48822336,PRO,01-JUL-19 08.24.21.769455
48824221,/news/uk-england-london-48824221,STY,01-JUL-19 08.39.02.741097
48822388,/news/newsbeat-48822388,STY,01-JUL-19 08.49.53.512670
48807707,/news/uk-politics-48807707,MAP,01-JUL-19 08.53.04.153320
48807706,/news/uk-politics-48807706,MAP,01-JUL-19 08.53.13.183056
48824710,/news/uk-scotland-highlands-islands-48824710,STY,01-JUL-19 08.58.34.135030
48822950,/news/uk-48822950,STY,01-JUL-19 08.58.44.381864
48798365,/news/world-africa-48798365,MAP,01-JUL-19 09.03.00.408032
48824770,/news/uk-scotland-tayside-central-48824770,STY,01-JUL-19 09.03.47.199262
48824670,/news/uk-scotland-south-scotland-48824670,STY,01-JUL-19 09.08.43.072030
48825000,/news/uk-48825000,MAP,01-JUL-19 09.12.12.703873
48824610,/news/uk-england-leeds-48824610,STY,01-JUL-19 09.18.43.852000
48822706,/news/uk-wales-48822706,MAP,01-JUL-19 09.18.50.545672
48824580,/news/uk-england-leeds-48824580,STY,01-JUL-19 09.35.33.316330
48825934,/news/world-africa-48825934,PRO,01-JUL-19 09.37.00.012417
48764901,/news/business-48764901,MAP,01-JUL-19 09.37.09.771876
48824274,/news/uk-england-wiltshire-48824274,PRO,01-JUL-19 09.38.14.191550
48813372,/news/uk-england-hereford-worcester-48813372,STY,01-JUL-19 09.39.16.829000
48824510,/news/uk-wales-48824510,STY,01-JUL-19 09.39.22.262447
48825400,/news/world-asia-48825400,STY,01-JUL-19 09.44.37.320980
48824910,/news/uk-england-essex-48824910,STY,01-JUL-19 09.45.01.906697
48825842,/news/uk-scotland-north-east-orkney-shetland-48825842,STY,01-JUL-19 09.46.16.277052
48826290,/news/world-asia-48826290,PRO,01-JUL-19 09.53.49.188555
48804625,/news/world-asia-48804625,MAP,01-JUL-19 09.56.53.329274
48805836,/news/uk-scotland-south-scotland-48805836,STY,01-JUL-19 09.59.52.180121
48763861,/news/world-europe-jersey-48763861,STY,01-JUL-19 10.01.02.274936
48825840,/news/uk-scotland-north-east-orkney-shetland-48825840,STY,01-JUL-19 10.02.51.612587
48822338,/news/world-africa-48822338,PRO,01-JUL-19 10.10.50.721090
48826492,/news/world-middle-east-48826492,MAP,01-JUL-19 10.15.10.260294
48823825,/news/world-us-canada-48823825,MAP,01-JUL-19 10.19.09.532027
48823520,/news/uk-wales-48823520,STY,01-JUL-19 10.19.16.722470
48824500,/news/world-middle-east-48824500,STY,01-JUL-19 10.19.28.005296
48822708,/news/uk-wales-48822708,STY,01-JUL-19 10.23.34.071436
48826500,/news/uk-politics-48826500,MAP,01-JUL-19 10.23.42.956906
48823693,/news/uk-england-manchester-48823693,STY,01-JUL-19 10.23.59.570453
48825386,/news/uk-scotland-south-scotland-48825386,STY,01-JUL-19 10.26.16.487059
48825914,/news/48825914,PRO,01-JUL-19 10.29.34.638211
48825233,/news/uk-scotland-scotland-business-48825233,STY,01-JUL-19 10.30.56.649042
48825284,/news/uk-england-cumbria-48825284,STY,01-JUL-19 10.31.09.912296
48823850,/news/uk-england-somerset-48823850,STY,01-JUL-19 10.38.10.653804
48807225,/news/world-europe-isle-of-man-48807225,STY,01-JUL-19 10.43.46.068260
48825843,/news/uk-scotland-north-east-orkney-shetland-48825843,STY,01-JUL-19 10.50.28.705225
48827070,/news/uk-48827070,PRO,01-JUL-19 10.50.55.750621
48823917,/news/uk-england-bristol-48823917,STY,01-JUL-19 10.51.29.769053
48827160,/news/48827160,PRO,01-JUL-19 10.52.51.324621
48824276,/news/uk-england-gloucestershire-48824276,MAP,01-JUL-19 10.53.02.519104
48826403,/news/uk-england-manchester-48826403,STY,01-JUL-19 10.55.38.812938
48784786,/news/world-middle-east-48784786,STY,01-JUL-19 10.57.15.551147
48823127,/news/48823127,BRI,01-JUL-19 10.57.41.792261
48826790,/news/uk-england-dorset-48826790,STY,01-JUL-19 10.59.06.634783
48776695,/news/world-middle-east-48776695,STY,01-JUL-19 10.59.26.605463
48826352,/news/uk-politics-48826352,MAP,01-JUL-19 10.59.44.688988
48822532,/news/world-asia-india-48822532,STY,01-JUL-19 11.00.17.435130
48825050,/news/uk-scotland-edinburgh-east-fife-48825050,STY,01-JUL-19 11.01.20.756828
48826503,/news/uk-48826503,MAP,01-JUL-19 11.02.41.384978
48825403,/news/world-asia-48825403,MAP,01-JUL-19 11.07.35.728109
48823043,/news/uk-england-sussex-48823043,STY,01-JUL-19 11.18.28.708668
48824157,/news/uk-england-birmingham-48824157,STY,01-JUL-19 11.18.56.110682
48825410,/news/technology-48825410,STY,01-JUL-19 11.21.21.488477
48826860,/news/uk-england-lancashire-48826860,STY,01-JUL-19 11.22.57.972463
48827990,/news/uk-england-birmingham-48827990,PRO,01-JUL-19 11.25.21.614158
48825660,/news/uk-wales-48825660,STY,01-JUL-19 11.26.09.553328
48824775,/news/uk-scotland-glasgow-west-48824775,STY,01-JUL-19 11.26.17.186716
48823925,/news/entertainment-arts-48823925,STY,01-JUL-19 11.36.45.407823
48827992,/news/uk-england-stoke-staffordshire-48827992,PRO,01-JUL-19 11.40.08.190810
48824890,/news/world-australia-48824890,STY,01-JUL-19 11.40.20.079530
48824715,/news/uk-scotland-tayside-central-48824715,STY,01-JUL-19 11.43.14.806586
48826795,/news/uk-england-hampshire-48826795,STY,01-JUL-19 11.46.53.547010
48802018,/news/uk-northern-ireland-48802018,MAP,01-JUL-19 11.47.04.664785
48680223,/news/uk-wales-48680223,STY,01-JUL-19 11.47.42.587659
48824586,/news/uk-england-south-yorkshire-48824586,STY,01-JUL-19 11.57.13.858626
48799241,/news/uk-england-hereford-worcester-48799241,STY,01-JUL-19 11.59.43.087830
48828500,/news/magazine-48828500,PRO,01-JUL-19 12.00.18.175004
48828502,/news/magazine-48828502,PRO,01-JUL-19 12.00.42.894713
48828504,/news/magazine-48828504,PRO,01-JUL-19 12.01.19.546470
48827410,/news/uk-england-coventry-warwickshire-48827410,STY,01-JUL-19 12.06.17.895948
48826032,/news/world-europe-48826032,STY,01-JUL-19 12.06.27.951237
48825003,/news/uk-48825003,MAP,01-JUL-19 12.11.40.206387
48824152,/news/uk-england-shropshire-48824152,STY,01-JUL-19 12.14.05.351755
48826841,/news/uk-england-norfolk-48826841,STY,01-JUL-19 12.16.56.243470
48825242,/news/uk-48825242,MAP,01-JUL-19 12.17.28.091060
48824278,/news/uk-england-gloucestershire-48824278,PRO,01-JUL-19 12.20.22.526261
48826672,/news/uk-england-manchester-48826672,STY,01-JUL-19 12.21.21.570835
48826110,/news/uk-northern-ireland-48826110,STY,01-JUL-19 12.23.15.458089
48826050,/news/uk-england-surrey-48826050,STY,01-JUL-19 12.26.34.152533
48825761,/news/technology-48825761,STY,01-JUL-19 12.27.59.400779
48828730,/news/uk-scotland-48828730,MAP,01-JUL-19 12.29.59.822618
48828982,/news/uk-politics-parliaments-48828982,MPL,01-JUL-19 12.30.59.043879
48826662,/news/uk-northern-ireland-politics-48826662,STY,01-JUL-19 12.37.53.233465
48824553,/news/uk-england-lancashire-48824553,MAP,01-JUL-19 12.41.40.139927
48828241,/news/uk-england-hampshire-48828241,STY,01-JUL-19 12.43.39.370299
48827552,/news/uk-england-birmingham-48827552,STY,01-JUL-19 12.45.09.753709
48826323,/news/uk-england-leeds-48826323,STY,01-JUL-19 12.45.38.953579
48827636,/news/uk-england-tees-48827636,STY,01-JUL-19 12.47.16.818352
48829151,/news/uk-england-essex-48829151,STY,01-JUL-19 12.50.29.753091
48815946,/news/business-48815946,MAP,01-JUL-19 12.55.01.295347
48824915,/news/uk-england-cambridgeshire-48824915,STY,01-JUL-19 13.01.48.725225
48824512,/news/uk-wales-politics-48824512,STY,01-JUL-19 13.04.11.365339
48829690,/news/entertainment-arts-48829690,MAP,01-JUL-19 13.04.21.691455
48829730,/news/48829730,PRO,01-JUL-19 13.13.16.204000
48828230,/news/business-48828230,STY,01-JUL-19 13.22.24.623796
48824320,/news/uk-politics-48824320,STY,01-JUL-19 13.22.49.792741
48825484,/news/uk-wales-48825484,STY,01-JUL-19 13.29.37.747341
48828980,/news/live/uk-politics-parliaments-48828980,LIV,01-JUL-19 13.35.25.515417
48826081,/news/uk-england-48826081,CSP,01-JUL-19 13.37.00.839081
48827650,/news/uk-wales-48827650,STY,01-JUL-19 13.44.03.243171
48829370,/news/uk-england-somerset-48829370,STY,01-JUL-19 13.47.01.336058
48828160,/news/uk-england-cambridgeshire-48828160,STY,01-JUL-19 13.57.09.098229
48829821,/news/48829821,BRI,01-JUL-19 13.59.22.777209
48829793,/news/uk-england-manchester-48829793,PRO,01-JUL-19 14.02.18.694552
48829811,/news/uk-england-hampshire-48829811,STY,01-JUL-19 14.03.48.341421
48667631,/news/uk-england-northamptonshire-48667631,STY,01-JUL-19 14.14.02.035457
48824716,/news/uk-scotland-highlands-islands-48824716,STY,01-JUL-19 14.18.59.845199
48825470,/news/blogs-trending-48825470,STY,01-JUL-19 14.21.57.249122
48830070,/news/uk-england-hereford-worcester-48830070,MAP,01-JUL-19 14.25.51.930652
48829712,/news/uk-england-somerset-48829712,MAP,01-JUL-19 14.26.07.025775
48830630,/news/uk-england-lincolnshire-48830630,STY,01-JUL-19 14.26.41.866492
48829644,/news/uk-england-london-48829644,STY,01-JUL-19 14.29.56.567251
48826660,/news/world-europe-48826660,STY,01-JUL-19 14.30.20.767215
48827328,/news/world-europe-isle-of-man-48827328,STY,01-JUL-19 14.34.14.158981
48830241,/news/uk-england-derbyshire-48830241,STY,01-JUL-19 14.38.56.364796
48830130,/news/uk-england-nottinghamshire-48830130,MAP,01-JUL-19 14.38.59.285733
48808311,/news/business-48808311,STY,01-JUL-19 14.40.47.547537
48829680,/news/uk-england-york-north-yorkshire-48829680,STY,01-JUL-19 14.41.29.648630
48826175,/news/uk-england-somerset-48826175,STY,01-JUL-19 14.41.37.412428
48826260,/news/uk-england-leeds-48826260,STY,01-JUL-19 14.45.03.212791
48824181,/news/blogs-news-from-elsewhere-48824181,STY,01-JUL-19 14.50.05.370946
48830210,/news/uk-england-london-48830210,STY,01-JUL-19 15.02.22.207633
48824333,/news/uk-england-suffolk-48824333,STY,01-JUL-19 15.04.20.957660
48829298,/news/world-asia-china-48829298,STY,01-JUL-19 15.08.26.861078
48829745,/news/uk-england-somerset-48829745,MAP,01-JUL-19 15.10.44.452140
48831930,/news/world-africa-48831930,PRO,01-JUL-19 15.13.49.417670
48828025,/news/uk-scotland-48828025,STY,01-JUL-19 15.14.09.248535
48827101,/news/uk-politics-48827101,STY,01-JUL-19 15.14.57.514955
48826670,/news/uk-england-lancashire-48826670,STY,01-JUL-19 15.15.32.021283
48829621,/news/uk-england-cornwall-48829621,STY,01-JUL-19 15.17.07.797487
48824717,/news/uk-scotland-highlands-islands-48824717,STY,01-JUL-19 15.20.34.516998
48829750,/news/uk-wales-48829750,STY,01-JUL-19 15.20.46.322791
48831030,/news/uk-england-merseyside-48831030,STY,01-JUL-19 15.22.39.731933
48824296,/news/business-48824296,PRO,01-JUL-19 15.22.53.853827
48826570,/news/uk-england-northamptonshire-48826570,STY,01-JUL-19 15.35.44.841282
48831114,/news/uk-england-tyne-48831114,PRO,01-JUL-19 15.37.15.131991
48830530,/news/uk-wales-48830530,STY,01-JUL-19 15.37.26.232457
48832250,/news/uk-northern-ireland-48832250,MAP,01-JUL-19 15.38.52.458729
48830780,/news/uk-england-leeds-48830780,STY,01-JUL-19 15.41.10.095652
48831794,/news/entertainment-arts-48831794,STY,01-JUL-19 15.42.15.222002
48829343,/news/uk-scotland-glasgow-west-48829343,STY,01-JUL-19 15.48.23.323502
48825046,/news/uk-england-birmingham-48825046,STY,01-JUL-19 15.48.49.828052
48831110,/news/uk-england-tees-48831110,STY,01-JUL-19 15.50.46.700141
48824473,/news/uk-england-devon-48824473,STY,01-JUL-19 15.52.59.732271
48831800,/news/uk-scotland-glasgow-west-48831800,STY,01-JUL-19 15.58.06.732746
48828340,/news/uk-scotland-edinburgh-east-fife-48828340,STY,01-JUL-19 15.59.36.271189
48828807,/news/uk-northern-ireland-48828807,STY,01-JUL-19 16.00.49.437896
48824518,/news/uk-wales-politics-48824518,STY,01-JUL-19 16.06.32.690054
48825835,/news/world-us-canada-48825835,STY,01-JUL-19 16.08.26.332464
48831640,/news/live/world-asia-china-48831640,LIV,01-JUL-19 16.10.08.981512
48831450,/news/uk-england-merseyside-48831450,STY,01-JUL-19 16.14.03.819314
48824310,/news/world-africa-48824310,STY,01-JUL-19 16.14.40.889689
48825769,/news/technology-48825769,STY,01-JUL-19 16.17.46.677353
48831260,/news/uk-england-48831260,STY,01-JUL-19 16.19.21.010921
48827994,/news/uk-england-coventry-warwickshire-48827994,PRO,01-JUL-19 16.20.34.996039
48779253,/news/world-us-canada-48779253,STY,01-JUL-19 16.23.41.486789
48816023,/news/world-europe-48816023,MAP,01-JUL-19 16.23.49.674714
48832133,/news/uk-northern-ireland-48832133,STY,01-JUL-19 16.24.38.709740
48827210,/news/uk-scotland-glasgow-west-48827210,STY,01-JUL-19 16.25.00.138879
48832840,/news/education-48832840,PRO,01-JUL-19 16.30.13.779124
48832480,/news/uk-england-beds-bucks-herts-48832480,STY,01-JUL-19 16.30.19.686009
48829661,/news/technology-48829661,STY,01-JUL-19 16.31.39.344228
48826202,/news/uk-england-leicestershire-48826202,STY,01-JUL-19 16.39.52.423793
48831711,/news/uk-england-nottinghamshire-48831711,STY,01-JUL-19 16.42.36.630731
48832803,/news/world-asia-china-48832803,MAP,01-JUL-19 16.45.20.495251
48825936,/news/world-africa-48825936,STY,01-JUL-19 16.47.50.794070
48831351,/news/uk-england-lancashire-48831351,STY,01-JUL-19 16.48.59.597085
48826036,/news/world-europe-48826036,MAP,01-JUL-19 16.50.05.728966
48831932,/news/world-africa-48831932,PRO,01-JUL-19 16.52.58.014153
48823891,/news/entertainment-arts-48823891,STY,01-JUL-19 16.58.31.017662
48832080,/news/uk-politics-48832080,STY,01-JUL-19 16.59.38.293341
48832681,/news/uk-wales-politics-48832681,STY,01-JUL-19 17.00.04.689322
48832910,/news/world-asia-china-48832910,STY,01-JUL-19 17.01.04.091950
48827100,/news/uk-politics-48827100,STY,01-JUL-19 17.01.59.297103
48830141,/news/uk-england-lincolnshire-48830141,STY,01-JUL-19 17.02.11.253366
48833100,/news/world-48833100,PRO,01-JUL-19 17.02.37.155231
48825928,/news/uk-wales-48825928,STY,01-JUL-19 17.03.21.871101
48831934,/news/world-africa-48831934,PRO,01-JUL-19 17.04.27.503970
48832423,/news/uk-scotland-tayside-central-48832423,STY,01-JUL-19 17.06.10.346575
48832675,/news/uk-northern-ireland-48832675,STY,01-JUL-19 17.09.56.303348
48832860,/news/uk-england-stoke-staffordshire-48832860,STY,01-JUL-19 17.19.44.719900
48826354,/news/uk-politics-48826354,MAP,01-JUL-19 17.22.34.842718
48830576,/news/uk-england-birmingham-48830576,STY,01-JUL-19 17.23.24.580705
48823525,/news/uk-wales-48823525,STY,01-JUL-19 17.28.11.257646
48833160,/news/uk-northern-ireland-48833160,STY,01-JUL-19 17.35.13.429142
48832213,/news/uk-scotland-glasgow-west-48832213,STY,01-JUL-19 17.44.27.235287
48828860,/news/world-europe-guernsey-48828860,STY,01-JUL-19 17.44.45.962310
48830212,/news/uk-england-london-48830212,STY,01-JUL-19 17.47.05.506447
48790585,/news/business-48790585,STY,01-JUL-19 17.48.03.857266
48801130,/news/entertainment-arts-48801130,STY,01-JUL-19 17.50.53.672244
48829752,/news/uk-wales-48829752,MAP,01-JUL-19 17.53.34.456178
48830950,/news/uk-northern-ireland-48830950,STY,01-JUL-19 17.57.40.711304
48832254,/news/uk-northern-ireland-48832254,MAP,01-JUL-19 18.04.13.687001
48831458,/news/uk-england-manchester-48831458,STY,01-JUL-19 18.04.56.550432
48831727,/news/world-middle-east-48831727,MAP,01-JUL-19 18.05.41.974026
48827031,/news/uk-england-south-yorkshire-48827031,STY,01-JUL-19 18.14.46.454694
48833570,/news/uk-politics-48833570,STY,01-JUL-19 18.14.47.872419
48827956,/news/uk-england-oxfordshire-48827956,STY,01-JUL-19 18.24.10.252831
48831021,/news/uk-wales-48831021,STY,01-JUL-19 18.25.41.493709
48833310,/news/world-us-canada-48833310,MAP,01-JUL-19 18.27.55.391738
48832481,/news/uk-england-beds-bucks-herts-48832481,STY,01-JUL-19 18.28.17.236980
48832676,/news/uk-northern-ireland-48832676,STY,01-JUL-19 18.28.32.074622
48831116,/news/uk-england-cumbria-48831116,STY,01-JUL-19 18.33.29.088790
48829987,/news/uk-england-sussex-48829987,STY,01-JUL-19 18.37.21.240045
48829747,/news/uk-england-bristol-48829747,STY,01-JUL-19 18.59.13.014359
48834050,/news/world-asia-48834050,MAP,01-JUL-19 19.07.16.314869
48831780,/news/uk-england-cambridgeshire-48831780,STY,01-JUL-19 19.07.19.224198
48828242,/news/uk-england-dorset-48828242,STY,01-JUL-19 19.14.06.191141
48829647,/news/uk-england-london-48829647,STY,01-JUL-19 19.19.48.594900
48831459,/news/uk-england-manchester-48831459,STY,01-JUL-19 19.26.53.347779
48833780,/news/uk-england-tyne-48833780,STY,01-JUL-19 19.41.37.936748
48833571,/news/uk-politics-48833571,CSP,01-JUL-19 19.42.25.501748
48831601,/news/world-middle-east-48831601,CSP,01-JUL-19 19.50.29.151896
48793231,/news/world-us-canada-48793231,STY,01-JUL-19 19.50.48.472233
48765641,/news/world-us-canada-48765641,STY,01-JUL-19 20.11.02.182471
48829755,/news/uk-wales-48829755,STY,01-JUL-19 20.12.22.914831
48829758,/news/uk-wales-48829758,STY,01-JUL-19 20.34.32.857780
48833890,/news/world-asia-48833890,MAP,01-JUL-19 20.48.23.267958
48833163,/news/uk-northern-ireland-48833163,STY,01-JUL-19 20.52.37.949763
48834691,/news/world-us-canada-48834691,MAP,01-JUL-19 21.08.44.077315
48825925,/news/uk-wales-48825925,STY,01-JUL-19 21.18.19.683975
48833843,/news/uk-england-devon-48833843,STY,01-JUL-19 21.23.00.253371
48834660,/news/uk-england-london-48834660,STY,01-JUL-19 21.30.45.319716
48832425,/news/uk-scotland-glasgow-west-48832425,STY,01-JUL-19 21.34.35.539422
48834693,/news/world-us-canada-48834693,STY,01-JUL-19 21.36.12.241185
48834810,/news/world-asia-china-48834810,MAP,01-JUL-19 21.39.35.963130
48834820,/news/world-asia-china-48834820,MAP,01-JUL-19 21.41.57.677921
48834663,/news/uk-england-london-48834663,STY,01-JUL-19 21.44.35.787273
48834193,/news/uk-politics-48834193,STY,01-JUL-19 23.00.12.152290
48829340,/news/uk-scotland-edinburgh-east-fife-48829340,STY,01-JUL-19 23.00.18.326692
48827303,/news/uk-scotland-south-scotland-48827303,STY,01-JUL-19 23.00.20.821966
48824712,/news/uk-scotland-highlands-islands-48824712,STY,01-JUL-19 23.00.23.365396
48829480,/news/uk-scotland-north-east-orkney-shetland-48829480,STY,01-JUL-19 23.00.25.777823
48827490,/news/science-environment-48827490,STY,01-JUL-19 23.02.00.988112
48833680,/news/business-48833680,STY,01-JUL-19 23.07.37.113487
48804008,/news/uk-england-hampshire-48804008,MAP,01-JUL-19 23.08.07.073444
48788768,/news/uk-wales-48788768,MAP,01-JUL-19 23.08.29.664337
48825011,/news/world-europe-48825011,MAP,01-JUL-19 23.09.08.667973
48769247,/news/business-48769247,STY,01-JUL-19 23.09.30.943550
48790893,/news/uk-wales-48790893,STY,01-JUL-19 23.10.56.710468
48832110,/news/business-48832110,STY,01-JUL-19 23.11.35.895926
48826650,/news/uk-wales-48826650,STY,01-JUL-19 23.13.15.787060
48830005,/news/uk-wales-48830005,MAP,01-JUL-19 23.14.47.853557
48498503,/news/uk-wales-48498503,STY,01-JUL-19 23.17.23.909745
48824290,/news/business-48824290,STY,01-JUL-19 23.18.35.445009
48830007,/news/uk-wales-48830007,STY,01-JUL-19 23.18.43.451767
48830000,/news/uk-wales-48830000,STY,01-JUL-19 23.20.25.281068
48833005,/news/48833005,MAP,01-JUL-19 23.37.18.473860
48834480,/news/blogs-the-papers-48834480,STY,01-JUL-19 23.49.18.994671
48835181,/news/uk-48835181,STY,01-JUL-19 23.52.30.831833
48833463,/news/uk-england-shropshire-48833463,MAP,01-JUL-19 23.58.24.728020
48826350,/news/uk-politics-parliaments-48826350,STY,02-JUL-19 00.03.36.035273
48833260,/news/uk-politics-48833260,STY,02-JUL-19 00.06.56.017813
48806935,/news/education-48806935,STY,02-JUL-19 00.16.05.370188
48826910,/news/education-48826910,STY,02-JUL-19 00.17.20.379082
48831646,/news/world-us-canada-48831646,STY,02-JUL-19 00.18.28.999449
48824720,/news/health-48824720,STY,02-JUL-19 00.19.29.717298
48825342,/news/health-48825342,STY,02-JUL-19 00.20.47.490319
48830582,/news/uk-england-bristol-48830582,STY,02-JUL-19 00.27.56.651168
48797077,/news/uk-england-suffolk-48797077,STY,02-JUL-19 00.36.17.635093
48829432,/news/world-europe-48829432,STY,02-JUL-19 00.48.08.887902
48828850,/news/world-africa-48828850,STY,02-JUL-19 00.50.37.356250
48807979,/news/world-us-canada-48807979,MAP,02-JUL-19 00.55.56.857098
48797399,/news/world-asia-india-48797399,STY,02-JUL-19 00.59.01.649387
48024470,/news/uk-england-oxfordshire-48024470,STY,02-JUL-19 01.01.10.059920
48772448,/news/uk-england-48772448,STY,02-JUL-19 01.08.04.758363
48830330,/news/uk-48830330,MAP,02-JUL-19 01.09.38.386043
48801235,/news/uk-england-48801235,STY,02-JUL-19 01.18.17.464286
48835438,/news/uk-48835438,MAP,02-JUL-19 01.43.48.436667
48835278,/news/world-asia-china-48835278,STY,02-JUL-19 02.40.43.420591
48835230,/news/uk-48835230,STY,02-JUL-19 03.10.37.389117
48828100,/news/science-environment-48828100,STY,02-JUL-19 03.42.28.612397
48835828,/news/world-asia-india-48835828,STY,02-JUL-19 04.09.04.229187
48835250,/news/technology-48835250,CSP,02-JUL-19 04.14.30.861232
48835441,/news/uk-48835441,MAP,02-JUL-19 04.21.09.936709
48800228,/news/live/business-48800228,LIV,02-JUL-19 04.29.06.711366
48817538,/news/world-africa-48817538,MAP,02-JUL-19 04.34.07.336389
48836368,/news/world-africa-48836368,PRO,02-JUL-19 04.34.27.561661
48835439,/news/uk-48835439,MAP,02-JUL-19 04.49.30.620793
48788398,/news/live/uk-england-lincolnshire-48788398,LIV,02-JUL-19 05.05.47.485921
48826901,/news/uk-england-suffolk-48826901,STY,02-JUL-19 05.06.57.380976
48834824,/news/world-us-canada-48834824,STY,02-JUL-19 05.07.20.003638
48828660,/news/uk-48828660,STY,02-JUL-19 05.20.53.540455
48836370,/news/world-africa-48836370,PRO,02-JUL-19 05.27.58.480062
48830592,/news/uk-northern-ireland-48830592,STY,02-JUL-19 05.32.46.646068
48690894,/news/48690894,STY,02-JUL-19 05.47.08.324791
48824827,/news/uk-northern-ireland-48824827,STY,02-JUL-19 05.51.40.883366
48836785,/news/world-us-canada-48836785,MAP,02-JUL-19 06.00.59.093085
48829770,/news/uk-england-hereford-worcester-48829770,STY,02-JUL-19 06.03.45.396694
48830890,/news/uk-northern-ireland-48830890,STY,02-JUL-19 06.04.16.877051
48836586,/news/uk-scotland-48836586,STY,02-JUL-19 06.04.48.704446
48836588,/news/uk-england-devon-48836588,STY,02-JUL-19 06.07.24.533672
48834683,/news/business-48834683,STY,02-JUL-19 06.07.26.483204
48836561,/news/uk-scotland-north-east-orkney-shetland-48836561,STY,02-JUL-19 06.08.48.788947
48836372,/news/world-africa-48836372,PRO,02-JUL-19 06.11.03.955599
48836758,/news/uk-england-nottinghamshire-48836758,STY,02-JUL-19 06.13.13.483888
48836768,/news/newsbeat-48836768,STY,02-JUL-19 06.14.58.721769
48742924,/news/live/uk-england-hampshire-48742924,LIV,02-JUL-19 06.20.55.895541
48798081,/news/disability-48798081,STY,02-JUL-19 06.26.01.395716
48836598,/news/uk-northern-ireland-48836598,STY,02-JUL-19 06.47.16.160907
48833786,/news/uk-england-tees-48833786,STY,02-JUL-19 06.51.26.034165
48756434,/news/live/uk-england-devon-48756434,LIV,02-JUL-19 07.01.30.352090
48754765,/news/live/world-europe-jersey-48754765,LIV,02-JUL-19 07.01.35.300454
48837738,/news/uk-england-bristol-48837738,PRO,02-JUL-19 07.15.44.650247
48833625,/news/uk-england-london-48833625,MAP,02-JUL-19 07.22.26.787597
48824250,/news/entertainment-arts-48824250,STY,02-JUL-19 07.26.04.782821
48837249,/news/uk-england-hampshire-48837249,STY,02-JUL-19 07.31.26.504205
48836605,/news/uk-northern-ireland-48836605,STY,02-JUL-19 07.40.09.472692
48837598,/news/business-48837598,STY,02-JUL-19 07.42.27.593059
48837740,/news/uk-england-somerset-48837740,PRO,02-JUL-19 07.56.09.240598
48837742,/news/uk-england-gloucestershire-48837742,PRO,02-JUL-19 07.58.17.347020
48835833,/news/world-asia-india-48835833,MAP,02-JUL-19 08.01.40.200129
48837550,/news/uk-england-london-48837550,STY,02-JUL-19 08.02.28.770963
48833915,/news/uk-england-manchester-48833915,STY,02-JUL-19 08.06.49.174255
48837360,/news/business-48837360,STY,02-JUL-19 08.07.07.157609
48786272,/news/live/uk-politics-parliaments-48786272,LIV,02-JUL-19 08.25.16.241656
48826586,/news/entertainment-arts-48826586,STY,02-JUL-19 08.27.08.869459
48837690,/news/uk-england-stoke-staffordshire-48837690,STY,02-JUL-19 08.28.36.429569
48838758,/news/uk-england-tyne-48838758,MAP,02-JUL-19 08.40.46.687003
48838338,/news/world-europe-48838338,STY,02-JUL-19 08.54.56.738491
48838798,/news/uk-scotland-edinburgh-east-fife-48838798,STY,02-JUL-19 09.02.48.011252
48838538,/news/uk-scotland-highlands-islands-48838538,STY,02-JUL-19 09.08.19.859833
48837250,/news/uk-england-oxfordshire-48837250,STY,02-JUL-19 09.12.00.113187
48839328,/news/uk-england-south-yorkshire-48839328,PRO,02-JUL-19 09.13.51.559571
48837893,/news/world-africa-48837893,PRO,02-JUL-19 09.20.17.991445
48837891,/news/world-africa-48837891,PRO,02-JUL-19 09.39.02.451894
48836872,/news/uk-england-surrey-48836872,STY,02-JUL-19 09.50.10.049890
48840088,/news/uk-england-stoke-staffordshire-48840088,PRO,02-JUL-19 09.55.28.602998
48784733,/news/uk-politics-48784733,STY,02-JUL-19 09.58.29.894775
48829760,/news/uk-england-48829760,STY,02-JUL-19 10.02.52.120338
48839288,/news/uk-england-cambridgeshire-48839288,STY,02-JUL-19 10.05.43.384273
48839148,/news/uk-england-surrey-48839148,STY,02-JUL-19 10.05.49.460416
48836767,/news/uk-england-leicestershire-48836767,STY,02-JUL-19 10.14.58.541412
48838541,/news/uk-scotland-highlands-islands-48838541,STY,02-JUL-19 10.18.13.089541
48837744,/news/uk-england-wiltshire-48837744,PRO,02-JUL-19 10.18.55.998900
48837746,/news/uk-england-bristol-48837746,PRO,02-JUL-19 10.27.32.743899
48834610,/news/uk-48834610,MAP,02-JUL-19 10.27.39.240620
48839668,/news/uk-england-oxfordshire-48839668,STY,02-JUL-19 10.28.27.071121
48840638,/news/uk-england-gloucestershire-48840638,PRO,02-JUL-19 10.29.08.001215
48824110,/news/world-asia-china-48824110,MAP,02-JUL-19 10.33.53.170396
48838730,/news/world-europe-48838730,STY,02-JUL-19 10.35.30.848549
48837868,/news/uk-england-hampshire-48837868,STY,02-JUL-19 10.35.50.159347
48840650,/news/world-africa-48840650,PRO,02-JUL-19 10.36.21.855038
48838534,/news/uk-england-manchester-48838534,STY,02-JUL-19 10.38.21.868075
48839428,/news/entertainment-arts-48839428,STY,02-JUL-19 10.42.00.283249
48838498,/news/world-europe-48838498,STY,02-JUL-19 10.42.45.817301
48762230,/news/entertainment-arts-48762230,MAP,02-JUL-19 10.44.59.850982
48840220,/news/uk-scotland-south-scotland-48840220,STY,02-JUL-19 10.46.58.161449
48840798,/news/world-europe-48840798,MAP,02-JUL-19 10.48.43.884699
48838108,/news/world-africa-48838108,STY,02-JUL-19 10.50.43.145270
48839268,/news/uk-scotland-scotland-politics-48839268,STY,02-JUL-19 10.51.17.279609
48837878,/news/uk-wales-48837878,STY,02-JUL-19 10.54.11.526872
48830993,/news/uk-england-york-north-yorkshire-48830993,STY,02-JUL-19 10.54.19.826917
48837948,/news/world-africa-48837948,STY,02-JUL-19 10.59.46.848298
48838628,/news/world-latin-america-48838628,STY,02-JUL-19 11.00.30.068490
48839918,/news/uk-politics-48839918,STY,02-JUL-19 11.01.43.290782
48837704,/news/uk-england-birmingham-48837704,STY,02-JUL-19 11.06.51.617308
48837895,/news/world-africa-48837895,PRO,02-JUL-19 11.06.55.898510
48826510,/news/newsbeat-48826510,STY,02-JUL-19 11.07.55.339997
48839108,/news/uk-48839108,STY,02-JUL-19 11.10.05.392676
48841038,/news/business-48841038,STY,02-JUL-19 11.13.24.962127
48836910,/news/uk-scotland-glasgow-west-48836910,STY,02-JUL-19 11.13.31.853749
48839118,/news/uk-england-beds-bucks-herts-48839118,STY,02-JUL-19 11.14.35.234020
48839829,/news/uk-politics-48839829,STY,02-JUL-19 11.16.35.552145
48839672,/news/uk-england-oxfordshire-48839672,MAP,02-JUL-19 11.17.11.762474
48839699,/news/uk-scotland-48839699,STY,02-JUL-19 11.17.47.069411
48825413,/news/technology-48825413,STY,02-JUL-19 11.23.45.286282
48839689,/news/uk-england-northamptonshire-48839689,STY,02-JUL-19 11.26.13.472512
48826360,/news/uk-politics-48826360,STY,02-JUL-19 11.28.28.045072
48836048,/news/world-asia-china-48836048,STY,02-JUL-19 11.32.24.107648
48838857,/news/uk-scotland-scotland-business-48838857,STY,02-JUL-19 11.38.49.586953
48840034,/news/uk-england-cumbria-48840034,STY,02-JUL-19 11.41.53.900885
48840938,/news/uk-england-coventry-warwickshire-48840938,STY,02-JUL-19 11.46.09.088599
48836786,/news/world-us-canada-48836786,STY,02-JUL-19 11.49.26.589521
48840320,/news/uk-england-devon-48840320,STY,02-JUL-19 11.53.05.378336
48842198,/news/uk-politics-48842198,MAP,02-JUL-19 11.55.35.313262
48837783,/news/blogs-news-from-elsewhere-48837783,STY,02-JUL-19 11.58.37.745487
48839758,/news/technology-48839758,STY,02-JUL-19 12.00.32.212907
48838938,/news/newsbeat-48838938,STY,02-JUL-19 12.00.37.404644
48841248,/news/uk-wales-48841248,STY,02-JUL-19 12.02.42.266001
48842368,/news/magazine-48842368,PRO,02-JUL-19 12.03.24.122550
48842370,/news/magazine-48842370,PRO,02-JUL-19 12.03.54.179051
48838346,/news/uk-northern-ireland-48838346,STY,02-JUL-19 12.11.14.711591
48840828,/news/uk-england-manchester-48840828,STY,02-JUL-19 12.13.10.036153
48839849,/news/uk-england-humber-48839849,STY,02-JUL-19 12.13.37.117201
48838258,/news/newsbeat-48838258,STY,02-JUL-19 12.19.17.267472
48841688,/news/uk-england-hampshire-48841688,STY,02-JUL-19 12.20.01.035049
48841908,/news/uk-politics-48841908,STY,02-JUL-19 12.23.38.509463
48840608,/news/business-48840608,STY,02-JUL-19 12.25.02.172136
48838098,/news/uk-england-wiltshire-48838098,STY,02-JUL-19 12.32.23.517048
48841418,/news/uk-england-lancashire-48841418,STY,02-JUL-19 12.40.17.885197
48842200,/news/uk-politics-48842200,MAP,02-JUL-19 12.43.33.533397
48840663,/news/uk-politics-48840663,MAP,02-JUL-19 12.43.36.889357
48839209,/news/uk-england-northamptonshire-48839209,STY,02-JUL-19 12.45.29.450959
48838698,/news/science-environment-48838698,STY,02-JUL-19 12.49.27.451698
48840528,/news/science-environment-48840528,STY,02-JUL-19 12.51.47.334454
48843228,/news/48843228,PRO,02-JUL-19 12.54.25.159104
48843070,/news/world-africa-48843070,STY,02-JUL-19 12.59.46.828523
48841178,/news/world-us-canada-48841178,MAP,02-JUL-19 13.00.16.929428
48843238,/news/uk-england-tees-48843238,PRO,02-JUL-19 13.04.56.332436
48799006,/news/uk-england-somerset-48799006,STY,02-JUL-19 13.05.05.326506
48842068,/news/uk-england-cornwall-48842068,STY,02-JUL-19 13.09.31.499026
48842178,/news/world-us-canada-48842178,STY,02-JUL-19 13.10.16.982060
48842688,/news/uk-england-suffolk-48842688,STY,02-JUL-19 13.10.41.607660
48840138,/news/entertainment-arts-48840138,STY,02-JUL-19 13.11.44.423461
48843598,/news/uk-england-48843598,PRO,02-JUL-19 13.14.29.269207
48841839,/news/uk-england-birmingham-48841839,STY,02-JUL-19 13.18.25.110405
48842038,/news/world-us-canada-48842038,MAP,02-JUL-19 13.29.04.194278
48843758,/news/uk-politics-48843758,MAP,02-JUL-19 13.29.10.841599
48841928,/news/uk-england-tees-48841928,STY,02-JUL-19 13.29.24.762579
48839818,/news/technology-48839818,STY,02-JUL-19 13.37.49.844865
48839702,/news/uk-scotland-glasgow-west-48839702,STY,02-JUL-19 13.38.32.637372
48842228,/news/uk-england-leicestershire-48842228,STY,02-JUL-19 13.38.34.597645
48844013,/news/world-europe-48844013,STY,02-JUL-19 13.39.38.421578
48844008,/news/48844008,BRI,02-JUL-19 13.39.38.427269
48838008,/news/health-48838008,STY,02-JUL-19 13.44.17.423299
48841768,/news/world-us-canada-48841768,MAP,02-JUL-19 13.45.26.876986
48841629,/news/uk-england-london-48841629,STY,02-JUL-19 13.49.53.675468
48840848,/news/uk-england-cambridgeshire-48840848,STY,02-JUL-19 13.53.01.413356
48838552,/news/uk-wales-48838552,STY,02-JUL-19 13.59.21.422376
48841262,/news/uk-scotland-glasgow-west-48841262,STY,02-JUL-19 14.04.51.574764
48842209,/news/uk-england-norfolk-48842209,STY,02-JUL-19 14.05.27.510828
48844248,/news/uk-wales-48844248,STY,02-JUL-19 14.09.00.840193
48842236,/news/uk-england-leicestershire-48842236,STY,02-JUL-19 14.14.20.673722
48841809,/news/technology-48841809,STY,02-JUL-19 14.16.15.801008
48842418,/news/uk-england-cambridgeshire-48842418,STY,02-JUL-19 14.18.02.190106
48844048,/news/uk-northern-ireland-48844048,STY,02-JUL-19 14.19.52.608975
48838803,/news/uk-scotland-edinburgh-east-fife-48838803,STY,02-JUL-19 14.21.48.665132
48844052,/news/uk-northern-ireland-48844052,STY,02-JUL-19 14.22.09.641248
48840221,/news/uk-scotland-south-scotland-48840221,STY,02-JUL-19 14.27.10.127852
48842738,/news/uk-england-bristol-48842738,STY,02-JUL-19 14.27.49.857928
48838543,/news/uk-scotland-highlands-islands-48838543,STY,02-JUL-19 14.29.31.952396
48844078,/news/uk-scotland-glasgow-west-48844078,STY,02-JUL-19 14.36.00.070397
48842088,/news/uk-england-bristol-48842088,STY,02-JUL-19 14.37.14.031385
48844745,/news/uk-scotland-48844745,MAP,02-JUL-19 14.37.36.243621
48838149,/news/uk-england-humber-48838149,STY,02-JUL-19 14.38.11.671752
48842271,/news/uk-england-hampshire-48842271,STY,02-JUL-19 14.44.36.464424
48844518,/news/uk-england-birmingham-48844518,MAP,02-JUL-19 14.45.38.494076
48838509,/news/uk-48838509,PRO,02-JUL-19 14.54.33.264590
48839789,/news/uk-48839789,CSP,02-JUL-19 14.54.40.705077
48841698,/news/uk-england-beds-bucks-herts-48841698,STY,02-JUL-19 14.56.24.931156
48841815,/news/technology-48841815,STY,02-JUL-19 14.56.57.699625
48840546,/news/uk-northern-ireland-48840546,STY,02-JUL-19 15.01.15.152158
48840948,/news/uk-scotland-48840948,STY,02-JUL-19 15.03.21.649828
48844469,/news/uk-england-essex-48844469,STY,02-JUL-19 15.04.16.234763
48843932,/news/uk-england-leeds-48843932,STY,02-JUL-19 15.04.23.459013
48843033,/news/uk-wales-48843033,STY,02-JUL-19 15.04.52.227822
48829141,/news/uk-48829141,MAP,02-JUL-19 15.08.06.927593
48842269,/news/uk-england-hampshire-48842269,STY,02-JUL-19 15.20.29.117976
48842428,/news/world-us-canada-48842428,STY,02-JUL-19 15.21.14.165260
48844053,/news/uk-northern-ireland-48844053,STY,02-JUL-19 15.24.24.430204
48844825,/news/world-asia-48844825,STY,02-JUL-19 15.30.13.688596
48844068,/news/uk-wales-politics-48844068,STY,02-JUL-19 15.31.47.406162
48844498,/news/uk-48844498,MAP,02-JUL-19 15.34.00.311171
48841179,/news/world-us-canada-48841179,MAP,02-JUL-19 15.35.32.673291
48843909,/news/uk-england-coventry-warwickshire-48843909,STY,02-JUL-19 15.38.52.713940
48840428,/news/uk-england-south-yorkshire-48840428,STY,02-JUL-19 15.42.35.353303
48846222,/news/uk-england-48846222,PRO,02-JUL-19 15.43.55.709515
48840692,/news/uk-england-norfolk-48840692,MAP,02-JUL-19 15.44.14.733483
48842928,/news/education-48842928,STY,02-JUL-19 15.47.36.843568
48846230,/news/uk-england-48846230,PRO,02-JUL-19 15.49.30.594235
48838611,/news/uk-england-norfolk-48838611,STY,02-JUL-19 15.50.18.394330
48841139,/news/uk-northern-ireland-48841139,MAP,02-JUL-19 15.51.11.223233
48843348,/news/entertainment-arts-48843348,STY,02-JUL-19 15.52.58.516244
48841728,/news/uk-england-stoke-staffordshire-48841728,STY,02-JUL-19 15.54.00.380994
48844471,/news/uk-england-essex-48844471,STY,02-JUL-19 15.54.54.158520
48845361,/news/technology-48845361,PRO,02-JUL-19 15.55.07.791353
48845692,/news/uk-england-bradford-west-yorkshire-48845692,STY,02-JUL-19 16.01.18.113247
48843038,/news/business-48843038,STY,02-JUL-19 16.02.30.336979
48845542,/news/uk-england-berkshire-48845542,STY,02-JUL-19 16.04.24.016571
48842788,/news/uk-england-london-48842788,STY,02-JUL-19 16.08.33.227666
48838659,/news/newsbeat-48838659,STY,02-JUL-19 16.10.29.197434
48842791,/news/uk-england-london-48842791,STY,02-JUL-19 16.11.16.401219
48839558,/news/uk-england-merseyside-48839558,STY,02-JUL-19 16.16.23.724530
48842962,/news/uk-england-dorset-48842962,STY,02-JUL-19 16.16.38.729992
48846652,/news/business-48846652,PRO,02-JUL-19 16.18.20.040941
48844075,/news/uk-wales-politics-48844075,STY,02-JUL-19 16.26.10.138439
48843168,/news/world-middle-east-48843168,STY,02-JUL-19 16.26.34.287944
48802213,/news/uk-northern-ireland-48802213,STY,02-JUL-19 16.27.22.808194
48845782,/news/uk-politics-48845782,STY,02-JUL-19 16.27.35.868605
48845741,/news/technology-48845741,PRO,02-JUL-19 16.34.54.372749
48844812,/news/world-europe-48844812,MAP,02-JUL-19 16.40.37.923586
48841636,/news/uk-england-london-48841636,STY,02-JUL-19 16.46.11.702262
48844598,/news/uk-politics-48844598,MAP,02-JUL-19 16.46.22.711531
48846722,/news/uk-scotland-south-scotland-48846722,MAP,02-JUL-19 16.46.43.539402
48829862,/news/world-europe-isle-of-man-48829862,STY,02-JUL-19 16.52.23.333775
48842212,/news/uk-england-norfolk-48842212,STY,02-JUL-19 16.52.52.488884
48844478,/news/uk-england-leeds-48844478,STY,02-JUL-19 16.52.52.857990
48842689,/news/uk-england-beds-bucks-herts-48842689,STY,02-JUL-19 17.10.59.128165
48845308,/news/uk-wales-48845308,STY,02-JUL-19 17.13.25.784245
48845311,/news/uk-wales-48845311,STY,02-JUL-19 17.19.05.317784
48847200,/news/world-europe-48847200,STY,02-JUL-19 17.22.07.194354
48847195,/news/48847195,BRI,02-JUL-19 17.22.07.199626
48844321,/news/uk-scotland-north-east-orkney-shetland-48844321,STY,02-JUL-19 17.24.11.768479
48844795,/news/uk-wales-48844795,STY,02-JUL-19 17.24.44.894387
48845045,/news/uk-northern-ireland-48845045,STY,02-JUL-19 17.26.36.501986
48841980,/news/world-europe-48841980,STY,02-JUL-19 17.27.37.745552
48844974,/news/uk-wales-48844974,STY,02-JUL-19 17.30.12.226981
48845962,/news/uk-england-coventry-warwickshire-48845962,STY,02-JUL-19 17.30.51.528574
48841706,/news/uk-england-beds-bucks-herts-48841706,STY,02-JUL-19 17.32.45.297630
48843028,/news/uk-wales-48843028,STY,02-JUL-19 17.38.19.482872
48846772,/news/uk-northern-ireland-48846772,CSP,02-JUL-19 17.38.47.959943
48839707,/news/uk-scotland-north-east-orkney-shetland-48839707,STY,02-JUL-19 17.42.31.648724
48840665,/news/uk-politics-48840665,STY,02-JUL-19 17.44.46.574094
48847434,/news/48847434,BRI,02-JUL-19 17.51.00.260113
48842868,/news/uk-england-merseyside-48842868,STY,02-JUL-19 17.57.31.084427
48847832,/news/world-africa-48847832,MAP,02-JUL-19 18.04.55.059154
48841694,/news/uk-england-hampshire-48841694,STY,02-JUL-19 18.16.54.388468
48848062,/news/world-africa-48848062,PRO,02-JUL-19 18.18.34.132351
48832868,/news/uk-england-shropshire-48832868,STY,02-JUL-19 18.19.59.061172
48843305,/news/uk-england-derbyshire-48843305,STY,02-JUL-19 18.21.18.286451
48842044,/news/world-europe-48842044,MAP,02-JUL-19 18.25.10.497692
48844324,/news/uk-scotland-highlands-islands-48844324,STY,02-JUL-19 18.26.01.772953
48843594,/news/uk-england-gloucestershire-48843594,STY,02-JUL-19 18.39.56.956899
48846773,/news/world-europe-48846773,STY,02-JUL-19 18.50.05.260286
48847542,/news/uk-politics-48847542,STY,02-JUL-19 19.01.45.256461
48847672,/news/uk-england-somerset-48847672,STY,02-JUL-19 19.02.11.074079
48843135,/news/uk-england-merseyside-48843135,MAP,02-JUL-19 19.13.53.043148
48844492,/news/uk-wales-48844492,STY,02-JUL-19 19.24.26.468791
48846812,/news/uk-england-tyne-48846812,STY,02-JUL-19 19.25.53.101453
48844814,/news/world-middle-east-48844814,STY,02-JUL-19 19.36.19.933472
48844018,/news/uk-england-derbyshire-48844018,STY,02-JUL-19 19.36.44.203680
48846026,/news/uk-scotland-edinburgh-east-fife-48846026,STY,02-JUL-19 19.38.58.259570
48838438,/news/world-europe-48838438,STY,02-JUL-19 19.52.25.534293
48844998,/news/uk-england-manchester-48844998,STY,02-JUL-19 19.56.48.379016
48848453,/news/uk-scotland-north-east-orkney-shetland-48848453,STY,02-JUL-19 20.12.11.264615
48843589,/news/uk-england-wiltshire-48843589,STY,02-JUL-19 20.40.44.961856
48846029,/news/uk-scotland-tayside-central-48846029,STY,02-JUL-19 20.42.06.014551
48842434,/news/business-48842434,STY,02-JUL-19 20.46.37.709656
48846502,/news/uk-48846502,MAP,02-JUL-19 20.52.44.704219
48847293,/news/48847293,BRI,02-JUL-19 20.54.30.849665
48807982,/news/world-us-canada-48807982,MAP,02-JUL-19 21.02.08.085016
48831500,/news/uk-england-hampshire-48831500,MAP,02-JUL-19 21.03.26.234501
48847473,/news/business-48847473,STY,02-JUL-19 21.08.45.919882
48844164,/news/uk-england-merseyside-48844164,STY,02-JUL-19 21.20.53.400949
48796353,/news/48796353,MAP,02-JUL-19 21.27.57.104395
48845101,/news/uk-england-leicestershire-48845101,STY,02-JUL-19 21.31.06.538701
48848717,/news/uk-48848717,STY,02-JUL-19 21.44.31.805409
48844578,/news/uk-scotland-48844578,STY,02-JUL-19 23.00.04.118855
48841048,/news/uk-scotland-48841048,STY,02-JUL-19 23.00.10.246274
48848660,/news/uk-scotland-scotland-politics-48848660,STY,02-JUL-19 23.00.14.259466
48840903,/news/uk-scotland-scotland-business-48840903,STY,02-JUL-19 23.00.18.075620
48847480,/news/business-48847480,MAP,02-JUL-19 23.01.30.220034
48844351,/news/business-48844351,STY,02-JUL-19 23.01.36.168274
48831741,/news/business-48831741,STY,02-JUL-19 23.01.44.414874
48845315,/news/uk-48845315,MAP,02-JUL-19 23.09.08.977943
47734665,/news/world-middle-east-47734665,STY,02-JUL-19 23.10.09.558902
48790576,/news/business-48790576,STY,02-JUL-19 23.10.14.943047
48717846,/news/newsbeat-48717846,STY,02-JUL-19 23.11.31.987977
48840211,/news/world-europe-48840211,MAP,02-JUL-19 23.12.49.957330
48846654,/news/business-48846654,MAP,02-JUL-19 23.12.56.841421
48760442,/news/world-europe-48760442,STY,02-JUL-19 23.13.09.793425
48799980,/news/world-africa-48799980,STY,02-JUL-19 23.14.01.852686
48846783,/news/technology-48846783,MAP,02-JUL-19 23.15.13.829747
48725515,/news/technology-48725515,STY,02-JUL-19 23.15.19.630043
48846863,/news/uk-wales-48846863,MAP,02-JUL-19 23.15.58.813939
48845015,/news/world-latin-america-48845015,MAP,02-JUL-19 23.18.24.479088
48840349,/news/uk-wales-48840349,STY,02-JUL-19 23.19.34.706390
48845925,/news/uk-wales-politics-48845925,STY,02-JUL-19 23.23.17.585534
48841869,/news/uk-wales-48841869,STY,02-JUL-19 23.26.46.793540
48841658,/news/uk-wales-politics-48841658,STY,02-JUL-19 23.29.00.448031
48841868,/news/uk-wales-48841868,STY,02-JUL-19 23.31.17.094948
48848692,/news/blogs-the-papers-48848692,STY,02-JUL-19 23.35.23.670871
48849162,/news/world-us-canada-48849162,STY,02-JUL-19 23.37.06.797985
48833311,/news/world-us-canada-48833311,MAP,02-JUL-19 23.39.35.195627
48849551,/news/blogs-the-papers-48849551,STY,02-JUL-19 23.41.26.294992
48849152,/news/world-us-canada-48849152,STY,02-JUL-19 23.45.14.799918
48526666,/news/business-48526666,STY,02-JUL-19 23.59.31.826508
48830260,/news/education-48830260,STY,03-JUL-19 00.01.00.794883
48841288,/news/education-48841288,STY,03-JUL-19 00.05.29.363771
48842978,/news/uk-england-bristol-48842978,STY,03-JUL-19 00.22.25.859078
48841598,/news/uk-england-cornwall-48841598,STY,03-JUL-19 00.26.32.697742
48847952,/news/uk-politics-48847952,STY,03-JUL-19 00.28.16.084451
48849102,/news/world-us-canada-48849102,STY,03-JUL-19 00.28.50.205687
48801145,/news/entertainment-arts-48801145,STY,03-JUL-19 00.45.58.943109
48826850,/news/health-48826850,STY,03-JUL-19 00.53.27.406627
48849595,/news/world-africa-48849595,STY,03-JUL-19 02.05.35.299359
48849900,/news/world-latin-america-48849900,MAP,03-JUL-19 02.27.32.822447
48826857,/news/health-48826857,STY,03-JUL-19 02.56.58.434672
48850450,/news/world-africa-48850450,PRO,03-JUL-19 03.43.32.224891
48850431,/news/uk-england-london-48850431,STY,03-JUL-19 03.58.50.837279
48839738,/news/stories-48839738,MAP,03-JUL-19 04.17.47.153334
48850410,/news/uk-48850410,STY,03-JUL-19 04.19.29.282416
48849173,/news/world-us-canada-48849173,MAP,03-JUL-19 04.40.49.750801
48850452,/news/world-africa-48850452,PRO,03-JUL-19 04.43.25.855794
48849901,/news/world-48849901,MAP,03-JUL-19 04.43.43.409903
48788402,/news/live/uk-england-lincolnshire-48788402,LIV,03-JUL-19 04.59.35.141870
48800231,/news/live/business-48800231,LIV,03-JUL-19 05.04.09.542464
48850454,/news/world-africa-48850454,PRO,03-JUL-19 05.13.48.411477
48840748,/news/uk-48840748,STY,03-JUL-19 05.27.15.105684
48840399,/news/uk-northern-ireland-48840399,STY,03-JUL-19 05.37.19.905680
48626914,/news/uk-wales-48626914,STY,03-JUL-19 05.43.59.141277
48850995,/news/uk-scotland-scotland-business-48850995,CSP,03-JUL-19 05.49.39.995585
48830590,/news/uk-northern-ireland-48830590,MAP,03-JUL-19 05.53.29.747331
48824820,/news/uk-northern-ireland-48824820,STY,03-JUL-19 06.01.06.516971
48845425,/news/uk-northern-ireland-48845425,STY,03-JUL-19 06.03.40.232238
48845914,/news/uk-northern-ireland-48845914,STY,03-JUL-19 06.04.11.549720
48850968,/news/uk-scotland-48850968,STY,03-JUL-19 06.11.50.244167
48851270,/news/business-48851270,STY,03-JUL-19 06.13.27.710427
48838384,/news/uk-scotland-tayside-central-48838384,STY,03-JUL-19 06.16.02.248600
48851364,/news/uk-england-london-48851364,STY,03-JUL-19 06.24.11.196167
48844477,/news/uk-england-essex-48844477,STY,03-JUL-19 06.38.25.627119
48850110,/news/world-asia-china-48850110,STY,03-JUL-19 06.42.12.660045
48742927,/news/live/uk-england-hampshire-48742927,LIV,03-JUL-19 06.47.21.204717
48851800,/news/48851800,BRI,03-JUL-19 06.51.05.715920
48851809,/news/48851809,BRI,03-JUL-19 06.56.14.141737
48754766,/news/live/world-europe-jersey-48754766,LIV,03-JUL-19 07.02.24.099200
48756435,/news/live/uk-england-devon-48756435,LIV,03-JUL-19 07.02.43.713401
48850950,/news/uk-northern-ireland-48850950,STY,03-JUL-19 07.05.09.797157
48851369,/news/uk-england-london-48851369,MAP,03-JUL-19 07.05.59.041442
48850085,/news/world-asia-china-48850085,STY,03-JUL-19 07.12.07.670949
48850111,/news/world-asia-48850111,STY,03-JUL-19 07.22.12.069084
48852310,/news/world-africa-48852310,PRO,03-JUL-19 07.39.02.255195
48851960,/news/world-africa-48851960,MAP,03-JUL-19 07.42.15.952505
48852070,/news/uk-england-beds-bucks-herts-48852070,STY,03-JUL-19 07.50.51.556262
48843672,/news/uk-england-wiltshire-48843672,STY,03-JUL-19 07.51.47.234634
48851380,/news/world-us-canada-48851380,STY,03-JUL-19 08.03.00.088902
48850456,/news/world-africa-48850456,PRO,03-JUL-19 08.04.58.515132
48838699,/news/science-environment-48838699,STY,03-JUL-19 08.09.07.372524
48850458,/news/world-africa-48850458,PRO,03-JUL-19 08.15.29.037647
48840001,/news/uk-england-suffolk-48840001,STY,03-JUL-19 08.15.57.576122
48852460,/news/uk-england-stoke-staffordshire-48852460,PRO,03-JUL-19 08.16.05.372633
48790319,/news/live/uk-politics-parliaments-48790319,LIV,03-JUL-19 08.16.23.259778
48852720,/news/uk-wales-48852720,MAP,03-JUL-19 08.17.07.941824
48852711,/news/uk-england-stoke-staffordshire-48852711,STY,03-JUL-19 08.47.12.858713
48852670,/news/science-environment-48852670,STY,03-JUL-19 08.54.41.729273
48852160,/news/uk-northern-ireland-48852160,STY,03-JUL-19 09.23.55.976872
48853740,/news/uk-england-south-yorkshire-48853740,MAP,03-JUL-19 09.25.41.608102
48853251,/news/uk-scotland-scotland-business-48853251,STY,03-JUL-19 09.28.08.800403
48853767,/news/uk-politics-48853767,MAP,03-JUL-19 09.32.24.911999
48853340,/news/uk-scotland-edinburgh-east-fife-48853340,STY,03-JUL-19 09.35.47.931106
48852220,/news/uk-politics-48852220,STY,03-JUL-19 09.37.48.182233
48854110,/news/48854110,PRO,03-JUL-19 09.39.48.673170
48853061,/news/uk-scotland-north-east-orkney-shetland-48853061,STY,03-JUL-19 09.41.26.214980
48853870,/news/business-48853870,STY,03-JUL-19 09.46.52.968409
48854010,/news/uk-wales-48854010,STY,03-JUL-19 09.47.40.532650
48851896,/news/uk-england-essex-48851896,STY,03-JUL-19 09.50.41.577226
48832460,/news/uk-england-wiltshire-48832460,MAP,03-JUL-19 09.52.06.673064
48852890,/news/uk-england-manchester-48852890,STY,03-JUL-19 09.53.02.926193
48852662,/news/uk-england-leeds-48852662,STY,03-JUL-19 09.57.07.202759
48842950,/news/uk-england-hampshire-48842950,STY,03-JUL-19 10.00.02.096608
48852470,/news/entertainment-arts-48852470,STY,03-JUL-19 10.03.41.304961
48851840,/news/world-europe-48851840,STY,03-JUL-19 10.06.29.903282
48852074,/news/uk-england-beds-bucks-herts-48852074,STY,03-JUL-19 10.06.47.911994
48852059,/news/business-48852059,STY,03-JUL-19 10.11.38.831210
48851862,/news/48851862,BRI,03-JUL-19 10.13.45.001896
48854400,/news/world-africa-48854400,MAP,03-JUL-19 10.19.54.648355
48854970,/news/world-africa-48854970,PRO,03-JUL-19 10.22.12.206932
48854420,/news/world-africa-48854420,STY,03-JUL-19 10.26.11.487200
48852960,/news/newsbeat-48852960,STY,03-JUL-19 10.27.23.381813
48853195,/news/uk-wales-48853195,STY,03-JUL-19 10.29.45.278465
48855225,/news/world-asia-india-48855225,STY,03-JUL-19 10.33.23.453183
48855220,/news/48855220,BRI,03-JUL-19 10.33.23.458724
48853741,/news/world-europe-48853741,MAP,03-JUL-19 10.35.50.527590
48853253,/news/uk-scotland-48853253,STY,03-JUL-19 10.36.23.999089
48853062,/news/uk-scotland-highlands-islands-48853062,STY,03-JUL-19 10.39.47.816088
48854850,/news/business-48854850,PRO,03-JUL-19 10.41.52.461558
48852135,/news/entertainment-arts-48852135,STY,03-JUL-19 10.42.10.737967
48852454,/news/world-europe-48852454,STY,03-JUL-19 10.43.51.601690
48853462,/news/uk-england-birmingham-48853462,STY,03-JUL-19 10.44.48.616683
48852100,/news/world-asia-48852100,STY,03-JUL-19 10.48.34.596862
48852316,/news/world-africa-48852316,STY,03-JUL-19 10.48.58.953044
48853410,/news/world-latin-america-48853410,STY,03-JUL-19 10.53.26.998065
48840589,/news/world-europe-isle-of-man-48840589,STY,03-JUL-19 10.54.46.481529
48852456,/news/world-asia-48852456,MAP,03-JUL-19 10.58.46.625463
48853070,/news/technology-48853070,STY,03-JUL-19 11.01.04.686335
48844845,/news/uk-wales-48844845,STY,03-JUL-19 11.02.55.038454
48854120,/news/uk-england-48854120,STY,03-JUL-19 11.07.14.704734
48855960,/news/48855960,PRO,03-JUL-19 11.13.47.990640
48848142,/news/world-us-canada-48848142,MAP,03-JUL-19 11.15.04.447096
48853455,/news/uk-england-cambridgeshire-48853455,STY,03-JUL-19 11.17.39.439833
48853330,/news/uk-england-york-north-yorkshire-48853330,STY,03-JUL-19 11.22.31.259051
48851422,/news/uk-england-stoke-staffordshire-48851422,PRO,03-JUL-19 11.22.31.323710
48855542,/news/uk-scotland-edinburgh-east-fife-48855542,STY,03-JUL-19 11.27.10.937935
48854980,/news/uk-england-beds-bucks-herts-48854980,STY,03-JUL-19 11.29.15.995225
48852750,/news/technology-48852750,MAP,03-JUL-19 11.36.43.793461
48854213,/news/technology-48854213,STY,03-JUL-19 11.36.53.113969
48853860,/news/uk-england-manchester-48853860,STY,03-JUL-19 11.37.50.275684
48853065,/news/uk-scotland-highlands-islands-48853065,STY,03-JUL-19 11.40.19.370081
48854521,/news/uk-scotland-48854521,PRO,03-JUL-19 11.45.09.325081
48854520,/news/uk-scotland-48854520,STY,03-JUL-19 11.48.01.281594
48851732,/news/uk-wales-48851732,STY,03-JUL-19 11.49.37.317180
48856621,/news/uk-england-birmingham-48856621,PRO,03-JUL-19 11.50.57.463691
48855651,/news/uk-scotland-south-scotland-48855651,STY,03-JUL-19 11.52.48.669214
48853980,/news/world-us-canada-48853980,STY,03-JUL-19 11.55.54.273697
48853230,/news/technology-48853230,STY,03-JUL-19 11.56.25.333486
48854390,/news/uk-wales-politics-48854390,STY,03-JUL-19 11.59.34.332619
48854240,/news/entertainment-arts-48854240,MAP,03-JUL-19 11.59.39.485302
48848302,/news/entertainment-arts-48848302,CSP,03-JUL-19 11.59.44.291336
48852736,/news/world-middle-east-48852736,STY,03-JUL-19 12.01.07.577762
48853487,/news/uk-wales-48853487,MAP,03-JUL-19 12.01.35.461654
48852599,/news/uk-england-birmingham-48852599,STY,03-JUL-19 12.12.57.584494
48851388,/news/world-middle-east-48851388,STY,03-JUL-19 12.14.41.342056
48854232,/news/uk-politics-48854232,MAP,03-JUL-19 12.17.02.626451
48852630,/news/uk-england-cambridgeshire-48852630,STY,03-JUL-19 12.17.13.827697
48854233,/news/uk-politics-48854233,MAP,03-JUL-19 12.17.31.104664
48854231,/news/uk-politics-48854231,MAP,03-JUL-19 12.18.20.061280
48843343,/news/uk-northern-ireland-48843343,STY,03-JUL-19 12.19.15.230626
48852200,/news/uk-england-gloucestershire-48852200,STY,03-JUL-19 12.35.56.333691
48853810,/news/uk-england-surrey-48853810,STY,03-JUL-19 12.41.41.964604
48854230,/news/uk-politics-48854230,MAP,03-JUL-19 12.51.10.498677
48854880,/news/uk-48854880,STY,03-JUL-19 12.53.37.830172
48857731,/news/uk-england-somerset-48857731,PRO,03-JUL-19 12.54.19.351444
48761207,/news/uk-england-bristol-48761207,STY,03-JUL-19 12.56.24.287007
48856021,/news/uk-england-hampshire-48856021,STY,03-JUL-19 12.56.44.343273
48857220,/news/uk-scotland-glasgow-west-48857220,STY,03-JUL-19 13.03.53.952297
48855440,/news/uk-wales-politics-48855440,STY,03-JUL-19 13.05.14.337121
48856623,/news/uk-england-coventry-warwickshire-48856623,PRO,03-JUL-19 13.07.33.950003
48855640,/news/uk-politics-48855640,STY,03-JUL-19 13.09.10.971429
48856110,/news/uk-england-devon-48856110,STY,03-JUL-19 13.11.31.572799
48850969,/news/uk-scotland-edinburgh-east-fife-48850969,STY,03-JUL-19 13.11.47.839749
48856570,/news/world-europe-48856570,MAP,03-JUL-19 13.14.52.503496
48855783,/news/world-middle-east-48855783,MAP,03-JUL-19 13.18.36.959872
48856330,/news/uk-england-london-48856330,STY,03-JUL-19 13.19.19.955869
48855547,/news/uk-scotland-edinburgh-east-fife-48855547,STY,03-JUL-19 13.19.21.020029
48853562,/news/disability-48853562,STY,03-JUL-19 13.28.58.758157
48857520,/news/uk-northern-ireland-48857520,STY,03-JUL-19 13.29.06.472972
48857410,/news/uk-politics-48857410,MAP,03-JUL-19 13.31.36.991309
48856625,/news/uk-england-birmingham-48856625,PRO,03-JUL-19 13.34.32.940106
48853746,/news/world-europe-48853746,STY,03-JUL-19 13.36.01.498918
48853163,/news/uk-england-tyne-48853163,STY,03-JUL-19 13.37.29.650516
48841599,/news/uk-england-cornwall-48841599,STY,03-JUL-19 13.41.47.453441
48852990,/news/newsbeat-48852990,STY,03-JUL-19 13.45.45.995262
48856332,/news/uk-england-london-48856332,STY,03-JUL-19 13.47.27.193294
48855730,/news/newsbeat-48855730,STY,03-JUL-19 13.49.18.760034
48856941,/news/business-48856941,PRO,03-JUL-19 13.49.42.457657
48858751,/news/magazine-48858751,PRO,03-JUL-19 13.50.40.789829
48858753,/news/magazine-48858753,PRO,03-JUL-19 13.52.13.856305
48856921,/news/uk-england-kent-48856921,STY,03-JUL-19 13.53.05.933537
48854341,/news/uk-scotland-48854341,MAP,03-JUL-19 13.56.48.174652
48847502,/news/world-africa-48847502,MAP,03-JUL-19 14.00.45.866012
48854610,/news/newsbeat-48854610,STY,03-JUL-19 14.02.02.188401
48858481,/news/uk-northern-ireland-48858481,STY,03-JUL-19 14.03.23.096631
48853067,/news/uk-scotland-highlands-islands-48853067,STY,03-JUL-19 14.13.38.222422
48856990,/news/world-us-canada-48856990,STY,03-JUL-19 14.18.12.587007
48853257,/news/uk-scotland-48853257,STY,03-JUL-19 14.20.55.529987
48857032,/news/uk-england-south-yorkshire-48857032,STY,03-JUL-19 14.24.20.037646
48859351,/news/uk-48859351,PRO,03-JUL-19 14.27.14.479369
48857811,/news/uk-politics-48857811,STY,03-JUL-19 14.27.42.334600
48858791,/news/uk-england-beds-bucks-herts-48858791,STY,03-JUL-19 14.29.50.686369
48855643,/news/uk-politics-48855643,STY,03-JUL-19 14.32.29.130127
48854876,/news/entertainment-arts-48854876,STY,03-JUL-19 14.32.34.240160
48857330,/news/world-africa-48857330,MAP,03-JUL-19 14.39.56.835683
48859507,/news/uk-england-48859507,STY,03-JUL-19 14.47.02.943965
48859502,/news/48859502,BRI,03-JUL-19 14.47.02.951078
48858251,/news/uk-wales-48858251,STY,03-JUL-19 14.50.07.032643
48857151,/news/uk-england-somerset-48857151,STY,03-JUL-19 14.51.45.099986
48855659,/news/uk-scotland-south-scotland-48855659,STY,03-JUL-19 14.53.42.567005
48854747,/news/uk-scotland-north-east-orkney-shetland-48854747,STY,03-JUL-19 14.55.21.530571
48855258,/news/world-asia-48855258,MAP,03-JUL-19 14.56.25.252970
48859281,/news/world-europe-48859281,MAP,03-JUL-19 14.58.30.292508
48852321,/news/uk-england-cumbria-48852321,STY,03-JUL-19 15.07.07.269616
48858781,/news/world-europe-48858781,STY,03-JUL-19 15.07.36.549076
48859981,/news/world-africa-48859981,PRO,03-JUL-19 15.09.08.910488
48855392,/news/uk-england-cambridgeshire-48855392,STY,03-JUL-19 15.10.56.630455
48856180,/news/uk-wales-48856180,STY,03-JUL-19 15.12.43.120983
48857594,/news/uk-england-essex-48857594,STY,03-JUL-19 15.13.53.697050
48857420,/news/world-europe-48857420,STY,03-JUL-19 15.18.38.328156
48859791,/news/uk-politics-48859791,MAP,03-JUL-19 15.21.00.013154
48848270,/news/business-48848270,STY,03-JUL-19 15.21.47.796330
48856981,/news/uk-england-kent-48856981,STY,03-JUL-19 15.23.00.272143
48853100,/news/blogs-news-from-elsewhere-48853100,STY,03-JUL-19 15.23.32.884098
48859421,/news/entertainment-arts-48859421,STY,03-JUL-19 15.26.20.295880
48856361,/news/uk-wales-48856361,STY,03-JUL-19 15.26.33.123905
48851858,/news/uk-48851858,STY,03-JUL-19 15.27.08.485824
48855962,/news/48855962,PRO,03-JUL-19 15.31.04.690038
48855700,/news/uk-england-manchester-48855700,STY,03-JUL-19 15.37.34.994111
48860401,/news/uk-scotland-glasgow-west-48860401,STY,03-JUL-19 15.39.22.332834
48857932,/news/uk-england-somerset-48857932,MAP,03-JUL-19 15.41.49.777684
48860211,/news/uk-scotland-highlands-islands-48860211,STY,03-JUL-19 15.44.15.711006
48855993,/news/uk-england-lincolnshire-48855993,STY,03-JUL-19 15.45.44.582108
48846855,/news/world-europe-isle-of-man-48846855,STY,03-JUL-19 16.01.29.217977
48852101,/news/world-asia-48852101,STY,03-JUL-19 16.02.48.821770
48855500,/news/education-48855500,STY,03-JUL-19 16.05.17.142770
48851610,/news/uk-england-oxfordshire-48851610,STY,03-JUL-19 16.07.30.314049
48860751,/news/uk-england-norfolk-48860751,MAP,03-JUL-19 16.07.50.366443
48860651,/news/uk-england-kent-48860651,MAP,03-JUL-19 16.08.05.652944
48848502,/news/world-latin-america-48848502,MAP,03-JUL-19 16.08.36.186933
48856220,/news/uk-england-coventry-warwickshire-48856220,STY,03-JUL-19 16.09.15.587285
48859677,/news/48859677,BRI,03-JUL-19 16.09.54.012787
48851730,/news/uk-wales-48851730,STY,03-JUL-19 16.11.39.412408
48859463,/news/business-48859463,STY,03-JUL-19 16.15.02.831117
48852270,/news/uk-48852270,STY,03-JUL-19 16.15.14.231674
48857591,/news/uk-england-essex-48857591,STY,03-JUL-19 16.21.39.403690
48860422,/news/uk-northern-ireland-48860422,STY,03-JUL-19 16.23.45.226134
48856335,/news/uk-england-london-48856335,STY,03-JUL-19 16.24.19.016852
48855823,/news/technology-48855823,STY,03-JUL-19 16.27.05.150546
48854987,/news/uk-england-beds-bucks-herts-48854987,MAP,03-JUL-19 16.33.32.920222
48858801,/news/uk-england-nottinghamshire-48858801,STY,03-JUL-19 16.37.47.606724
48857036,/news/uk-england-leeds-48857036,MAP,03-JUL-19 16.38.06.051279
48859937,/news/world-africa-48859937,STY,03-JUL-19 16.38.11.705437
48860531,/news/uk-scotland-48860531,STY,03-JUL-19 16.38.15.659387
48860421,/news/uk-northern-ireland-48860421,STY,03-JUL-19 16.41.18.253628
48861401,/news/world-48861401,PRO,03-JUL-19 16.45.41.580354
48859303,/news/uk-northern-ireland-48859303,MAP,03-JUL-19 16.54.07.798953
48858382,/news/uk-northern-ireland-48858382,MAP,03-JUL-19 16.54.26.333695
48860491,/news/uk-england-derbyshire-48860491,STY,03-JUL-19 16.56.33.929591
48855078,/news/uk-england-northamptonshire-48855078,STY,03-JUL-19 16.57.05.094531
48859864,/news/uk-wales-48859864,MAP,03-JUL-19 16.58.26.676752
48854713,/news/uk-england-london-48854713,STY,03-JUL-19 16.58.30.476155
48857422,/news/world-europe-48857422,STY,03-JUL-19 17.04.51.127768
48860221,/news/uk-england-berkshire-48860221,STY,03-JUL-19 17.04.58.962861
48849039,/news/world-us-canada-48849039,STY,03-JUL-19 17.18.49.643428
48861267,/news/uk-england-london-48861267,MAP,03-JUL-19 17.24.25.909062
48858712,/news/uk-england-somerset-48858712,STY,03-JUL-19 17.26.30.781244
48855288,/news/uk-politics-48855288,STY,03-JUL-19 17.34.04.002448
48858231,/news/world-europe-48858231,STY,03-JUL-19 17.43.38.133781
48860537,/news/uk-scotland-glasgow-west-48860537,STY,03-JUL-19 17.54.22.039506
48858255,/news/uk-wales-48858255,STY,03-JUL-19 17.56.44.940325
48858761,/news/world-us-canada-48858761,STY,03-JUL-19 18.08.46.067234
48849035,/news/world-us-canada-48849035,STY,03-JUL-19 18.18.45.210975
48860708,/news/uk-england-birmingham-48860708,STY,03-JUL-19 18.20.28.822984
48859161,/news/world-us-canada-48859161,STY,03-JUL-19 18.28.23.678963
48860277,/news/uk-england-surrey-48860277,STY,03-JUL-19 18.30.21.974020
48857600,/news/uk-england-essex-48857600,STY,03-JUL-19 18.52.47.806705
48858718,/news/uk-england-bristol-48858718,STY,03-JUL-19 19.04.46.577572
48857521,/news/uk-northern-ireland-48857521,STY,03-JUL-19 19.07.15.292393
48852324,/news/uk-england-tees-48852324,STY,03-JUL-19 19.08.53.479748
48860423,/news/uk-northern-ireland-48860423,STY,03-JUL-19 19.09.12.877464
48861621,/news/uk-northern-ireland-foyle-west-48861621,STY,03-JUL-19 19.17.46.780478
48862481,/news/uk-politics-48862481,CSP,03-JUL-19 19.20.36.800652
48857212,/news/uk-england-manchester-48857212,STY,03-JUL-19 19.21.55.935647
48854710,/news/uk-england-london-48854710,STY,03-JUL-19 19.23.35.779208
48861071,/news/world-middle-east-48861071,STY,03-JUL-19 19.24.03.257542
48859142,/news/uk-england-hampshire-48859142,STY,03-JUL-19 19.27.37.704295
48862621,/news/world-us-canada-48862621,MAP,03-JUL-19 19.28.55.060236
48849040,/news/world-us-canada-48849040,STY,03-JUL-19 19.35.11.159415
48857343,/news/uk-england-cornwall-48857343,STY,03-JUL-19 19.36.29.544737
48856980,/news/uk-england-kent-48856980,STY,03-JUL-19 19.44.49.318779
48855030,/news/uk-england-stoke-staffordshire-48855030,STY,03-JUL-19 19.54.28.166597
48862008,/news/uk-england-somerset-48862008,STY,03-JUL-19 20.05.54.387784
48858260,/news/uk-wales-48858260,MAP,03-JUL-19 20.06.49.156643
48862911,/news/world-europe-48862911,MAP,03-JUL-19 20.19.04.362185
48857039,/news/uk-england-bradford-west-yorkshire-48857039,STY,03-JUL-19 20.30.24.721342
48858257,/news/uk-wales-48858257,STY,03-JUL-19 20.33.42.438445
48857214,/news/uk-england-lancashire-48857214,PRO,03-JUL-19 20.34.05.421124
48861084,/news/48861084,BRI,03-JUL-19 20.35.11.462210
48859305,/news/world-europe-48859305,STY,03-JUL-19 20.39.59.806454
48862781,/news/uk-england-london-48862781,STY,03-JUL-19 20.56.01.435228
48857130,/news/entertainment-arts-48857130,STY,03-JUL-19 20.57.47.973525
48841581,/news/world-europe-48841581,MAP,03-JUL-19 21.10.40.208589
48777896,/news/entertainment-arts-48777896,MAP,03-JUL-19 21.14.51.830566
48859144,/news/uk-england-dorset-48859144,STY,03-JUL-19 21.17.36.924107
48862971,/news/world-us-canada-48862971,MAP,03-JUL-19 21.27.30.648965
48863031,/news/uk-england-leicestershire-48863031,STY,03-JUL-19 21.40.07.654152
48847529,/news/world-us-canada-48847529,MAP,03-JUL-19 22.24.08.277145
48853217,/news/business-48853217,STY,03-JUL-19 23.01.51.867444
48851940,/news/business-48851940,STY,03-JUL-19 23.02.03.514131
48862037,/news/uk-wales-48862037,STY,03-JUL-19 23.03.33.557536
48855645,/news/uk-politics-48855645,STY,03-JUL-19 23.05.18.978536
48857090,/news/uk-wales-48857090,STY,03-JUL-19 23.05.27.491023
48847062,/news/world-asia-china-48847062,STY,03-JUL-19 23.06.07.345934
48858691,/news/uk-48858691,MAP,03-JUL-19 23.06.41.303834
48536760,/news/world-us-canada-48536760,STY,03-JUL-19 23.06.42.955270
48747238,/news/technology-48747238,MAP,03-JUL-19 23.07.11.579717
48858692,/news/science-environment-48858692,MAP,03-JUL-19 23.08.36.176859
48857140,/news/stories-48857140,STY,03-JUL-19 23.13.48.551969
48037783,/news/uk-england-south-yorkshire-48037783,STY,03-JUL-19 23.15.01.436971
48851820,/news/business-48851820,STY,03-JUL-19 23.16.06.285797
48854490,/news/uk-england-essex-48854490,STY,03-JUL-19 23.17.39.767255
48824257,/news/entertainment-arts-48824257,STY,03-JUL-19 23.18.02.967596
48785965,/news/world-asia-48785965,STY,03-JUL-19 23.20.16.896284
48856650,/news/uk-england-wiltshire-48856650,STY,03-JUL-19 23.22.44.180574
48859746,/news/entertainment-arts-48859746,MAP,03-JUL-19 23.30.03.986463
48862881,/news/blogs-the-papers-48862881,STY,03-JUL-19 23.35.45.972939
48749985,/news/health-48749985,STY,03-JUL-19 23.42.41.540935
48860621,/news/health-48860621,STY,03-JUL-19 23.51.32.448887
48842898,/news/uk-england-birmingham-48842898,STY,03-JUL-19 23.56.18.318829
48858311,/news/entertainment-arts-48858311,STY,03-JUL-19 23.57.47.126767
48857341,/news/uk-england-devon-48857341,MAP,04-JUL-19 00.10.30.401597
48854802,/news/health-48854802,MAP,04-JUL-19 00.14.05.615441
48860911,/news/uk-england-48860911,MAP,04-JUL-19 00.17.45.707734
48851873,/news/uk-england-london-48851873,MAP,04-JUL-19 00.21.55.298740
48856040,/news/uk-wales-48856040,STY,04-JUL-19 00.29.14.911797
48859403,/news/uk-wales-48859403,MAP,04-JUL-19 00.32.02.414835
48861492,/news/uk-wales-48861492,STY,04-JUL-19 00.35.30.801328
48863401,/news/world-asia-48863401,STY,04-JUL-19 00.39.25.929780
48859961,/news/uk-scotland-scotland-politics-48859961,STY,04-JUL-19 00.43.04.293303
48840952,/news/uk-scotland-48840952,STY,04-JUL-19 00.50.10.037702
48853006,/news/uk-scotland-48853006,STY,04-JUL-19 00.52.20.801219
48853345,/news/uk-scotland-edinburgh-east-fife-48853345,STY,04-JUL-19 00.55.43.862486
48854396,/news/uk-wales-politics-48854396,STY,04-JUL-19 01.00.04.225905
48863406,/news/world-latin-america-48863406,STY,04-JUL-19 01.18.33.858623
48864019,/news/uk-politics-48864019,STY,04-JUL-19 03.52.48.539439
48864448,/news/uk-48864448,STY,04-JUL-19 04.04.29.789597
48800234,/news/live/business-48800234,LIV,04-JUL-19 04.15.06.547528
48864474,/news/world-australia-48864474,STY,04-JUL-19 04.24.32.398003
48864469,/news/48864469,BRI,04-JUL-19 04.24.32.402154
48864539,/news/world-africa-48864539,PRO,04-JUL-19 04.27.50.865973
48863408,/news/world-us-canada-48863408,STY,04-JUL-19 04.32.57.041128
48864541,/news/world-africa-48864541,PRO,04-JUL-19 04.52.06.313831
48788510,/news/live/uk-england-lincolnshire-48788510,LIV,04-JUL-19 05.02.12.706931
48864543,/news/world-africa-48864543,PRO,04-JUL-19 05.05.22.186403
48863441,/news/world-48863441,MAP,04-JUL-19 05.05.40.063086
48857221,/news/uk-scotland-glasgow-west-48857221,STY,04-JUL-19 05.07.08.366601
48864239,/news/world-asia-india-48864239,STY,04-JUL-19 05.11.47.680326
48784893,/news/entertainment-arts-48784893,STY,04-JUL-19 05.20.37.088162
48859953,/news/health-48859953,MAP,04-JUL-19 05.22.53.553157
48858501,/news/uk-48858501,STY,04-JUL-19 05.23.11.178266
48859155,/news/uk-northern-ireland-48859155,STY,04-JUL-19 05.27.37.298416
48864809,/news/world-australia-48864809,MAP,04-JUL-19 05.30.13.441202
48862972,/news/world-us-canada-48862972,MAP,04-JUL-19 05.32.47.698999
48786435,/news/world-europe-48786435,STY,04-JUL-19 05.35.37.838600
48845912,/news/48845912,MAP,04-JUL-19 05.36.56.548666
48840398,/news/uk-northern-ireland-48840398,STY,04-JUL-19 05.40.36.797901
48865030,/news/uk-48865030,STY,04-JUL-19 05.43.36.604432
48742930,/news/live/uk-england-hampshire-48742930,LIV,04-JUL-19 05.55.40.466556
48864545,/news/world-africa-48864545,PRO,04-JUL-19 05.56.09.617346
48864877,/news/uk-scotland-48864877,STY,04-JUL-19 06.03.27.745297
48861503,/news/uk-england-tyne-48861503,STY,04-JUL-19 06.16.39.282835
48861269,/news/uk-england-london-48861269,MAP,04-JUL-19 06.27.32.703016
48865596,/news/uk-england-cumbria-48865596,MPL,04-JUL-19 06.27.57.109077
48864770,/news/newsbeat-48864770,STY,04-JUL-19 06.28.58.342651
48864989,/news/uk-northern-ireland-48864989,STY,04-JUL-19 06.47.31.167960
48864547,/news/world-africa-48864547,PRO,04-JUL-19 06.53.48.733574
48865336,/news/world-middle-east-48865336,STY,04-JUL-19 06.58.09.625456
48756436,/news/live/uk-england-devon-48756436,LIV,04-JUL-19 07.00.45.594424
48754767,/news/live/world-europe-jersey-48754767,LIV,04-JUL-19 07.00.50.145822
48865332,/news/world-europe-48865332,STY,04-JUL-19 07.08.19.591154
48860754,/news/uk-england-norfolk-48860754,MAP,04-JUL-19 07.09.45.839053
48843931,/news/uk-england-lincolnshire-48843931,STY,04-JUL-19 07.16.02.315744
48864980,/news/uk-england-dorset-48864980,STY,04-JUL-19 07.40.25.217213